shock,reinforcement,external_market,dst,mode,hops,uses_external,slippage_frac,slippage_usd_on_5k,protocol_fee_eth,hop_fee_legs,exhausted,tokens_out,link6_drawdown,excess_slippage_vs_healthy
0.0,none,healthy,10,FULL_LINE,11,False,0.09047033060334064,452.3516530167032,0.0125,11,False,4821747.408810332,,0.0
0.0,none,healthy,10,PARENT_SOURCED,2,True,0.03485851682356356,174.2925841178178,0.0,2,False,5116565.849609255,,0.0
0.0,none,healthy,10,DEPTH_CAPPED(3),2,True,0.03485851682356356,174.2925841178178,0.0,2,False,5116565.849609255,,0.0
0.0,none,healthy,12,FULL_LINE,13,False,0.10378183024957843,518.9091512478922,0.0125,13,False,4751178.310202252,,0.0
0.0,none,healthy,12,PARENT_SOURCED,4,True,0.049748306647369844,248.74153323684922,0.0,4,False,5037629.661031378,,0.0
0.0,none,healthy,12,DEPTH_CAPPED(3),4,True,0.049748306647369844,248.74153323684922,0.0,4,False,5037629.661031378,,0.0
0.5,none,independent,10,FULL_LINE,11,False,0.10273797701118426,513.6898850559213,0.0125,11,False,6942491.803091412,0.3148407962741301,0.012267646407843613
0.5,none,independent,10,PARENT_SOURCED,11,False,0.10273797701118426,513.6898850559213,0.0125,11,False,6942491.803091412,0.3148407962741301,0.0678794601876207
0.5,none,independent,10,DEPTH_CAPPED(3),11,False,0.10273797701118426,513.6898850559213,0.0125,11,False,6942491.803091412,0.3148407962741301,0.0678794601876207
0.5,none,independent,12,FULL_LINE,13,False,0.12095637374132284,604.7818687066142,0.0125,13,False,6801528.44264165,0.3148407962741301,0.01717454349174441
0.5,none,independent,12,PARENT_SOURCED,13,False,0.12095637374132284,604.7818687066142,0.0125,13,False,6801528.44264165,0.3148407962741301,0.071208067093953
0.5,none,independent,12,DEPTH_CAPPED(3),13,False,0.12095637374132284,604.7818687066142,0.0125,13,False,6801528.44264165,0.3148407962741301,0.071208067093953
0.5,none,arbitraged,10,FULL_LINE,11,False,0.09237743314673053,461.88716573365264,0.0125,11,False,5430312.335755066,0.29642966355640044,0.0019071025433898825
0.5,none,arbitraged,10,PARENT_SOURCED,2,True,0.056379464071271146,281.89732035635575,0.0,2,False,5645688.443260113,0.29642966355640044,0.02152094724770759
0.5,none,arbitraged,10,DEPTH_CAPPED(3),2,True,0.056379464071271146,281.89732035635575,0.0,2,False,5645688.443260113,0.29642966355640044,0.02152094724770759
0.5,none,arbitraged,12,FULL_LINE,13,False,0.1071435524109734,535.717762054867,0.0125,13,False,5341966.538151278,0.29642966355640044,0.0033617221613949644
0.5,none,arbitraged,12,PARENT_SOURCED,4,True,0.07227550072844069,361.37750364220346,0.0,4,False,5550582.341779718,0.29642966355640044,0.022527194081070845
0.5,none,arbitraged,12,DEPTH_CAPPED(3),4,True,0.07227550072844069,361.37750364220346,0.0,4,False,5550582.341779718,0.29642966355640044,0.022527194081070845
0.5,fee_funded_3_rounds,independent,10,FULL_LINE,11,False,0.1010698371399339,505.3491856996695,0.0125,11,False,6750869.976260216,0.311957317278321,0.01059950653659325
0.5,fee_funded_3_rounds,independent,10,PARENT_SOURCED,11,False,0.1010698371399339,505.3491856996695,0.0125,11,False,6750869.976260216,0.311957317278321,0.06621132031637034
0.5,fee_funded_3_rounds,independent,10,DEPTH_CAPPED(3),11,False,0.1010698371399339,505.3491856996695,0.0125,11,False,6750869.976260216,0.311957317278321,0.06621132031637034
0.5,fee_funded_3_rounds,independent,12,FULL_LINE,13,False,0.11886407080350536,594.3203540175268,0.0125,13,False,6617237.172786624,0.311957317278321,0.015082240553926929
0.5,fee_funded_3_rounds,independent,12,PARENT_SOURCED,13,False,0.11886407080350536,594.3203540175268,0.0125,13,False,6617237.172786624,0.311957317278321,0.06911576415613552
0.5,fee_funded_3_rounds,independent,12,DEPTH_CAPPED(3),13,False,0.11886407080350536,594.3203540175268,0.0125,13,False,6617237.172786624,0.311957317278321,0.06911576415613552
0.5,fee_funded_3_rounds,arbitraged,10,FULL_LINE,11,False,0.09161970681604958,458.09853408024793,0.0125,11,False,5389004.701874685,0.2951910300533289,0.0011493762127089413
0.5,fee_funded_3_rounds,arbitraged,10,PARENT_SOURCED,2,True,0.05621615856793982,281.0807928396991,0.0,2,False,5599037.756756771,0.2951910300533289,0.021357641744376266
0.5,fee_funded_3_rounds,arbitraged,10,DEPTH_CAPPED(3),2,True,0.05621615856793982,281.0807928396991,0.0,2,False,5599037.756756771,0.2951910300533289,0.021357641744376266
0.5,fee_funded_3_rounds,arbitraged,12,FULL_LINE,13,False,0.10629759521777937,531.4879760888969,0.0125,13,False,5301927.505017777,0.2951910300533289,0.0025157649682009398
0.5,fee_funded_3_rounds,arbitraged,12,PARENT_SOURCED,4,True,0.07199709139599464,359.9854569799732,0.0,4,False,5505416.701953534,0.2951910300533289,0.022248784748624795
0.5,fee_funded_3_rounds,arbitraged,12,DEPTH_CAPPED(3),4,True,0.07199709139599464,359.9854569799732,0.0,4,False,5505416.701953534,0.2951910300533289,0.022248784748624795
0.5,cap_max,independent,10,FULL_LINE,11,False,0.05398055297253834,269.9027648626917,0.0125,11,False,2090321.9479637875,0.3068021589886645,-0.0364897776308023
0.5,cap_max,independent,10,PARENT_SOURCED,2,True,-1.3156101864796552,-6578.050932398276,0.0,2,False,5116565.849609255,0.3068021589886645,-1.3504687033032188
0.5,cap_max,independent,10,DEPTH_CAPPED(3),2,True,-1.3156101864796552,-6578.050932398276,0.0,2,False,5116565.849609255,0.3068021589886645,-1.3504687033032188
0.5,cap_max,independent,12,FULL_LINE,13,False,0.06082687150251298,304.1343575125649,0.0125,13,False,2075194.3415166638,0.3068021589886645,-0.04295495874706545
0.5,cap_max,independent,12,PARENT_SOURCED,4,True,-1.2798859433592877,-6399.429716796439,0.0,4,False,5037629.661031378,0.3068021589886645,-1.3296342500066576
0.5,cap_max,independent,12,DEPTH_CAPPED(3),4,True,-1.2798859433592877,-6399.429716796439,0.0,4,False,5037629.661031378,0.3068021589886645,-1.3296342500066576
0.5,cap_max,arbitraged,10,FULL_LINE,11,False,0.06777922307975304,338.8961153987652,0.0125,11,False,3847944.129248542,0.3391020840132095,-0.022691107523587606
0.5,cap_max,arbitraged,10,PARENT_SOURCED,2,True,0.010780401672263906,53.90200836131953,0.0,2,False,4083219.1688519535,0.3391020840132095,-0.02407811515129965
0.5,cap_max,arbitraged,10,DEPTH_CAPPED(3),2,True,0.010780401672263906,53.90200836131953,0.0,2,False,4083219.1688519535,0.3391020840132095,-0.02407811515129965
0.5,cap_max,arbitraged,12,FULL_LINE,13,False,0.07897568720112091,394.87843600560456,0.0125,13,False,3801728.2869815496,0.3391020840132095,-0.02480614304845752
0.5,cap_max,arbitraged,12,PARENT_SOURCED,4,True,0.023290106451293924,116.45053225646961,0.0,4,False,4031582.639979331,0.3391020840132095,-0.02645820019607592
0.5,cap_max,arbitraged,12,DEPTH_CAPPED(3),4,True,0.023290106451293924,116.45053225646961,0.0,4,False,4031582.639979331,0.3391020840132095,-0.02645820019607592
0.9,none,independent,10,FULL_LINE,11,False,0.11375780356024146,568.7890178012073,0.0125,11,False,8877371.161564345,0.47075638004546194,0.023287472956900812
0.9,none,independent,10,PARENT_SOURCED,11,False,0.11375780356024146,568.7890178012073,0.0125,11,False,8877371.161564345,0.47075638004546194,0.0788992867366779
0.9,none,independent,10,DEPTH_CAPPED(3),11,False,0.11375780356024146,568.7890178012073,0.0125,11,False,8877371.161564345,0.47075638004546194,0.0788992867366779
0.9,none,independent,12,FULL_LINE,13,False,0.13628594691573637,681.4297345786819,0.0125,13,False,8651709.72166556,0.47075638004546194,0.032504116666157934
0.9,none,independent,12,PARENT_SOURCED,13,False,0.13628594691573637,681.4297345786819,0.0125,13,False,8651709.72166556,0.47075638004546194,0.08653764026836652
0.9,none,independent,12,DEPTH_CAPPED(3),13,False,0.13628594691573637,681.4297345786819,0.0125,13,False,8651709.72166556,0.47075638004546194,0.08653764026836652
0.9,none,arbitraged,10,FULL_LINE,11,False,0.09484773551756209,474.23867758781046,0.0125,11,False,5879335.354809686,0.4462172624969487,0.00437740491422145
0.9,none,arbitraged,10,PARENT_SOURCED,2,True,0.05801106195914263,290.05530979571313,0.0,2,False,6118604.664188739,0.4462172624969487,0.023152545135579072
0.9,none,arbitraged,10,DEPTH_CAPPED(3),2,True,0.05801106195914263,290.05530979571313,0.0,2,False,6118604.664188739,0.4462172624969487,0.023152545135579072
0.9,none,arbitraged,12,FULL_LINE,13,False,0.11066141892917636,553.3070946458818,0.0125,13,False,5776618.992469441,0.4462172624969487,0.0068795886795979255
0.9,none,arbitraged,12,PARENT_SOURCED,4,True,0.07507039690515982,375.3519845257991,0.0,4,False,6007797.284023802,0.4462172624969487,0.025322090257789975
0.9,none,arbitraged,12,DEPTH_CAPPED(3),4,True,0.07507039690515982,375.3519845257991,0.0,4,False,6007797.284023802,0.4462172624969487,0.025322090257789975
0.9,fee_funded_3_rounds,independent,10,FULL_LINE,11,False,0.1118346577395577,559.1732886977885,0.0125,11,False,8639419.870400816,0.4687995770120267,0.021364327136217054
0.9,fee_funded_3_rounds,independent,10,PARENT_SOURCED,11,False,0.1118346577395577,559.1732886977885,0.0125,11,False,8639419.870400816,0.4687995770120267,0.07697614091599414
0.9,fee_funded_3_rounds,independent,10,DEPTH_CAPPED(3),11,False,0.1118346577395577,559.1732886977885,0.0125,11,False,8639419.870400816,0.4687995770120267,0.07697614091599414
0.9,fee_funded_3_rounds,independent,12,FULL_LINE,13,False,0.13385550843863503,669.2775421931751,0.0125,13,False,8425217.21461091,0.4687995770120267,0.030073678189056596
0.9,fee_funded_3_rounds,independent,12,PARENT_SOURCED,13,False,0.13385550843863503,669.2775421931751,0.0125,13,False,8425217.21461091,0.4687995770120267,0.08410720179126518
0.9,fee_funded_3_rounds,independent,12,DEPTH_CAPPED(3),13,False,0.13385550843863503,669.2775421931751,0.0125,13,False,8425217.21461091,0.4687995770120267,0.08410720179126518
0.9,fee_funded_3_rounds,arbitraged,10,FULL_LINE,11,False,0.0940758772955379,470.37938647768954,0.0125,11,False,5832919.142507434,0.4455134693737628,0.003605546692197259
0.9,fee_funded_3_rounds,arbitraged,10,PARENT_SOURCED,2,True,0.05783254003792826,289.16270018964127,0.0,2,False,6066276.93747061,0.4455134693737628,0.022974023214364703
0.9,fee_funded_3_rounds,arbitraged,10,DEPTH_CAPPED(3),2,True,0.05783254003792826,289.16270018964127,0.0,2,False,6066276.93747061,0.4455134693737628,0.022974023214364703
0.9,fee_funded_3_rounds,arbitraged,12,FULL_LINE,13,False,0.10979063025903546,548.9531512951773,0.0125,13,False,5731737.508104191,0.4455134693737628,0.006008800009457027
0.9,fee_funded_3_rounds,arbitraged,12,PARENT_SOURCED,4,True,0.07476347465476807,373.81737327384036,0.0,4,False,5957264.747429476,0.4455134693737628,0.025015168007398225
0.9,fee_funded_3_rounds,arbitraged,12,DEPTH_CAPPED(3),4,True,0.07476347465476807,373.81737327384036,0.0,4,False,5957264.747429476,0.4455134693737628,0.025015168007398225
0.9,cap_max,independent,10,FULL_LINE,11,False,0.05753271657782,287.6635828891,0.0125,11,False,2699792.4080359237,0.4653048691512983,-0.032937614025520645
0.9,cap_max,independent,10,PARENT_SOURCED,2,True,-0.7861358163607997,-3930.679081803998,0.0,2,False,5116565.849609255,0.4653048691512983,-0.8209943331843632
0.9,cap_max,independent,10,DEPTH_CAPPED(3),2,True,-0.7861358163607997,-3930.679081803998,0.0,2,False,5116565.849609255,0.4653048691512983,-0.8209943331843632
0.9,cap_max,independent,12,FULL_LINE,13,False,0.06591828202688466,329.59141013442326,0.0125,13,False,2675771.1116634193,0.4653048691512983,-0.03786354822269378
0.9,cap_max,independent,12,PARENT_SOURCED,4,True,-0.7585800772635056,-3792.900386317528,0.0,4,False,5037629.661031378,0.4653048691512983,-0.8083283839108755
0.9,cap_max,independent,12,DEPTH_CAPPED(3),4,True,-0.7585800772635056,-3792.900386317528,0.0,4,False,5037629.661031378,0.4653048691512983,-0.8083283839108755
0.9,cap_max,arbitraged,10,FULL_LINE,11,False,0.06731050782726489,336.5525391363244,0.0125,11,False,4074430.6984769795,0.4825592857535933,-0.023159822776075756
0.9,cap_max,arbitraged,10,PARENT_SOURCED,2,True,0.0117203063463871,58.601531731935495,0.0,2,False,4317275.102052893,0.4825592857535933,-0.023138210477176457
0.9,cap_max,arbitraged,10,DEPTH_CAPPED(3),2,True,0.0117203063463871,58.601531731935495,0.0,2,False,4317275.102052893,0.4825592857535933,-0.023138210477176457
0.9,cap_max,arbitraged,12,FULL_LINE,13,False,0.07908320383202239,395.41601916011194,0.0125,13,False,4023001.9706868976,0.4825592857535933,-0.024698626417556047
0.9,cap_max,arbitraged,12,PARENT_SOURCED,4,True,0.02484212689151577,124.21063445757885,0.0,4,False,4259952.757480926,0.4825592857535933,-0.024906179755854074
0.9,cap_max,arbitraged,12,DEPTH_CAPPED(3),4,True,0.02484212689151577,124.21063445757885,0.0,4,False,4259952.757480926,0.4825592857535933,-0.024906179755854074
0.99,none,independent,10,FULL_LINE,11,False,0.11637534793096638,581.8767396548319,0.0125,11,False,9340127.643672094,0.4984634392910442,0.025905017327625735
0.99,none,independent,10,PARENT_SOURCED,11,False,0.11637534793096638,581.8767396548319,0.0125,11,False,9340127.643672094,0.4984634392910442,0.08151683110740282
0.99,none,independent,10,DEPTH_CAPPED(3),11,False,0.11637534793096638,581.8767396548319,0.0125,11,False,9340127.643672094,0.4984634392910442,0.08151683110740282
0.99,none,independent,12,FULL_LINE,13,False,0.1399110219030204,699.555109515102,0.0125,13,False,9091349.84128269,0.4984634392910442,0.03612919165344197
0.99,none,independent,12,PARENT_SOURCED,13,False,0.1399110219030204,699.555109515102,0.0125,13,False,9091349.84128269,0.4984634392910442,0.09016271525565056
0.99,none,independent,12,DEPTH_CAPPED(3),13,False,0.1399110219030204,699.555109515102,0.0125,13,False,9091349.84128269,0.4984634392910442,0.09016271525565056
0.99,none,arbitraged,10,FULL_LINE,11,False,0.0955246280500619,477.6231402503095,0.0125,11,False,5981169.511035143,0.47317699633851695,0.0050542974467212565
0.99,none,arbitraged,10,PARENT_SOURCED,2,True,0.05837864552667127,291.89322763335633,0.0,2,False,6226810.71367769,0.47317699633851695,0.023520128703107712
0.99,none,arbitraged,10,DEPTH_CAPPED(3),2,True,0.05837864552667127,291.89322763335633,0.0,2,False,6226810.71367769,0.47317699633851695,0.023520128703107712
0.99,none,arbitraged,12,FULL_LINE,13,False,0.11157262400220613,557.8631200110307,0.0125,13,False,5875046.351600468,0.47317699633851695,0.0077907937526277005
0.99,none,arbitraged,12,PARENT_SOURCED,4,True,0.0757032455076454,378.516227538227,0.0,4,False,6112245.549815144,0.47317699633851695,0.025954938860275556
0.99,none,arbitraged,12,DEPTH_CAPPED(3),4,True,0.0757032455076454,378.516227538227,0.0,4,False,6112245.549815144,0.47317699633851695,0.025954938860275556
0.99,fee_funded_3_rounds,independent,10,FULL_LINE,11,False,0.11439291927040784,571.9645963520393,0.0125,11,False,9091330.152248353,0.49665840425960694,0.0239225886670672
0.99,fee_funded_3_rounds,independent,10,PARENT_SOURCED,11,False,0.11439291927040784,571.9645963520393,0.0125,11,False,9091330.152248353,0.49665840425960694,0.07953440244684429
0.99,fee_funded_3_rounds,independent,10,DEPTH_CAPPED(3),11,False,0.11439291927040784,571.9645963520393,0.0125,11,False,9091330.152248353,0.49665840425960694,0.07953440244684429
0.99,fee_funded_3_rounds,independent,12,FULL_LINE,13,False,0.1374029698236745,687.0148491183725,0.0125,13,False,8855117.08332468,0.49665840425960694,0.03362113957409607
0.99,fee_funded_3_rounds,independent,12,PARENT_SOURCED,13,False,0.1374029698236745,687.0148491183725,0.0125,13,False,8855117.08332468,0.49665840425960694,0.08765466317630466
0.99,fee_funded_3_rounds,independent,12,DEPTH_CAPPED(3),13,False,0.1374029698236745,687.0148491183725,0.0125,13,False,8855117.08332468,0.49665840425960694,0.08765466317630466
0.99,fee_funded_3_rounds,arbitraged,10,FULL_LINE,11,False,0.09473266062925112,473.6633031462556,0.0125,11,False,5933868.567882576,0.47256601961102584,0.004262330025910477
0.99,fee_funded_3_rounds,arbitraged,10,PARENT_SOURCED,2,True,0.058197276408182064,290.9863820409103,0.0,2,False,6173351.600812507,0.47256601961102584,0.023338759584618507
0.99,fee_funded_3_rounds,arbitraged,10,DEPTH_CAPPED(3),2,True,0.058197276408182064,290.9863820409103,0.0,2,False,6173351.600812507,0.47256601961102584,0.023338759584618507
0.99,fee_funded_3_rounds,arbitraged,12,FULL_LINE,13,False,0.11068029643418598,553.4014821709299,0.0125,13,False,5829334.613414806,0.47256601961102584,0.0068984661846075435
0.99,fee_funded_3_rounds,arbitraged,12,PARENT_SOURCED,4,True,0.0753908646458511,376.95432322925546,0.0,4,False,6060650.646767775,0.47256601961102584,0.025642557998481252
0.99,fee_funded_3_rounds,arbitraged,12,DEPTH_CAPPED(3),4,True,0.0753908646458511,376.95432322925546,0.0,4,False,6060650.646767775,0.47256601961102584,0.025642557998481252
0.99,cap_max,independent,10,FULL_LINE,11,False,0.05838578130562344,291.9289065281172,0.0125,11,False,2847137.8212969163,0.4934354020166928,-0.0320845492977172
0.99,cap_max,independent,10,PARENT_SOURCED,2,True,-0.6921664693715281,-3460.832346857641,0.0,2,False,5116565.849609255,0.4934354020166928,-0.7270249861950917
0.99,cap_max,independent,10,DEPTH_CAPPED(3),2,True,-0.6921664693715281,-3460.832346857641,0.0,2,False,5116565.849609255,0.4934354020166928,-0.7270249861950917
0.99,cap_max,independent,12,FULL_LINE,13,False,0.06714097223456184,335.70486117280916,0.0125,13,False,2820664.946597743,0.4934354020166928,-0.0366408580150166
0.99,cap_max,independent,12,PARENT_SOURCED,4,True,-0.6660604491506272,-3330.302245753136,0.0,4,False,5037629.661031378,0.4934354020166928,-0.7158087557979971
0.99,cap_max,independent,12,DEPTH_CAPPED(3),4,True,-0.6660604491506272,-3330.302245753136,0.0,4,False,5037629.661031378,0.4934354020166928,-0.7158087557979971
0.99,cap_max,arbitraged,10,FULL_LINE,11,False,0.06297517314560397,314.87586572801985,0.0125,11,False,3479740.497639348,0.501406890160475,-0.027495157457736674
0.99,cap_max,arbitraged,10,PARENT_SOURCED,2,True,-0.2729168557885633,-1364.5842789428164,0.0,2,False,4727110.964695384,0.501406890160475,-0.30777537261212684
0.99,cap_max,arbitraged,10,DEPTH_CAPPED(3),2,True,-0.2729168557885633,-1364.5842789428164,0.0,2,False,4727110.964695384,0.501406890160475,-0.30777537261212684
0.99,cap_max,arbitraged,12,FULL_LINE,13,False,0.07329586747055461,366.47933735277303,0.0125,13,False,3441413.511014192,0.501406890160475,-0.030485962779023823
0.99,cap_max,arbitraged,12,PARENT_SOURCED,4,True,-0.25461092530433493,-1273.0546265216747,0.0,4,False,4659129.9616020275,0.501406890160475,-0.3043592319517048
0.99,cap_max,arbitraged,12,DEPTH_CAPPED(3),4,True,-0.25461092530433493,-1273.0546265216747,0.0,4,False,4659129.9616020275,0.501406890160475,-0.3043592319517048
