scenario,day,top1_share,top2_share,round_winner_share,round_winner_is_top1
honest,1,0.5429260154450777,0.45707398455492226,0.5429260154450777,True
honest,2,0.5444765915889903,0.4555234084110098,0.5444765915889903,True
honest,3,0.5413636711988352,0.45863632880116495,0.5413636711988352,True
honest,4,0.546060413690978,0.4539395863090219,0.546060413690978,True
honest,5,0.5456148940902514,0.4543851059097485,0.5456148940902514,True
honest,6,0.5386219610491397,0.4613780389508602,0.5386219610491397,True
honest,7,0.5377878148954771,0.46221218510452283,0.5377878148954771,True
honest,8,0.5367767433989997,0.46322325660100033,0.5367767433989997,True
honest,9,0.5324698121555435,0.46753018784445655,0.5324698121555435,True
honest,10,0.5324581251968482,0.46754187480315185,0.5324581251968482,True
honest,11,0.5318503885842453,0.4681496114157547,0.5318503885842453,True
honest,12,0.5317824253616263,0.4682175746383736,0.5317824253616263,True
honest,13,0.5333110148305726,0.4666889851694275,0.5333110148305726,True
honest,14,0.5371529090379561,0.462847090962044,0.5371529090379561,True
honest,15,0.5360533941684041,0.46394660583159586,0.5360533941684041,True
honest,16,0.5354889562657693,0.46451104373423074,0.5354889562657693,True
honest,17,0.5334975522999211,0.466502447700079,0.5334975522999211,True
honest,18,0.5331317405992416,0.46686825940075827,0.5331317405992416,True
honest,19,0.5336662968408871,0.466333703159113,0.5336662968408871,True
honest,20,0.5325294783462146,0.4674705216537855,0.5325294783462146,True
honest,21,0.5311353339605023,0.46886466603949783,0.5311353339605023,True
honest,22,0.5299055891989338,0.4700944108010662,0.5299055891989338,True
honest,23,0.5300755173944757,0.46992448260552433,0.5300755173944757,True
honest,24,0.530220551395614,0.4697794486043861,0.530220551395614,True
honest,25,0.530093043535662,0.4699069564643381,0.530093043535662,True
honest,26,0.5284890861196196,0.4715109138803804,0.5284890861196196,True
honest,27,0.5258109863507112,0.47418901364928884,0.5258109863507112,True
honest,28,0.5255869101127906,0.4744130898872094,0.5255869101127906,True
honest,29,0.5250487109968804,0.47495128900311956,0.5250487109968804,True
honest,30,0.5230329955881625,0.4769670044118374,0.5230329955881625,True
dump50,1,0.7624930046124659,0.23750699538753392,0.7624930046124659,True
dump50,2,0.764023759052286,0.2359762409477139,0.764023759052286,True
dump50,3,0.7629043674368172,0.23709563256318275,0.7629043674368172,True
dump50,4,0.5002931727394982,0.49970682726050175,0.0,False
dump50,5,0.5005631469191562,0.4994368530808438,0.0,False
dump50,6,0.5013192023522006,0.4986807976477994,0.0,False
dump50,7,0.501456378572259,0.498543621427741,0.0,False
dump50,8,0.5012789872994396,0.4987210127005603,0.0,False
dump50,9,0.5040591161257969,0.4959408838742032,0.0,False
dump50,10,0.5043308170874435,0.49566918291255646,0.0,False
dump50,11,0.5010125765304217,0.4989874234695782,0.0,False
dump50,12,0.5012215911324706,0.49877840886752955,0.0,False
dump50,13,0.5004731296499614,0.49952687035003857,0.0,False
dump50,14,0.5034402039207124,0.4965597960792875,0.0,False
dump50,15,0.5054457978087123,0.49455420219128754,0.0,False
dump50,16,0.507083725504417,0.49291627449558284,0.0,False
dump50,17,0.5123675508245394,0.48763244917546067,0.0,False
dump50,18,0.506487418617012,0.49351258138298804,0.49351258138298804,False
dump50,19,0.513814241969688,0.48618575803031205,0.513814241969688,True
dump50,20,0.5203505236804198,0.4796494763195802,0.5203505236804198,True
dump50,21,0.5308463458851077,0.4691536541148922,0.5308463458851077,True
dump50,22,0.5353301350973468,0.4646698649026531,0.5353301350973468,True
dump50,23,0.5377819676884018,0.4622180323115983,0.5377819676884018,True
dump50,24,0.5535506038008171,0.4464493961991829,0.5535506038008171,True
dump50,25,0.5544727918106175,0.44552720818938246,0.5544727918106175,True
dump50,26,0.5596257259089028,0.44037427409109714,0.5596257259089028,True
dump50,27,0.5647463922014397,0.4352536077985603,0.5647463922014397,True
dump50,28,0.5661902049600311,0.4338097950399689,0.5661902049600311,True
dump50,29,0.5681885104639351,0.4318114895360648,0.5681885104639351,True
dump50,30,0.5714754603157769,0.42852453968422305,0.5714754603157769,True
dump90,1,0.8302170890240095,0.16978291097599052,0.8302170890240095,True
dump90,2,0.8268523191181328,0.1731476808818671,0.8268523191181328,True
dump90,3,0.8298685564621404,0.17013144353785956,0.8298685564621404,True
dump90,4,0.5865389897609464,0.4134610102390535,0.0,False
dump90,5,0.5867365515358633,0.41326344846413676,0.0,False
dump90,6,0.5847974247975148,0.41520257520248505,0.0,False
dump90,7,0.5846320560397588,0.4153679439602413,0.0,False
dump90,8,0.5824195885062441,0.41758041149375597,0.0,False
dump90,9,0.5791819454521492,0.42081805454785076,0.0,False
dump90,10,0.5733792425015041,0.426620757498496,0.0,False
dump90,11,0.5756194180046091,0.42438058199539086,0.0,False
dump90,12,0.5760441420009452,0.42395585799905483,0.0,False
dump90,13,0.5761543138700852,0.4238456861299148,0.4238456861299148,False
dump90,14,0.5507568675469618,0.44924313245303815,0.44924313245303815,False
dump90,15,0.5484214656356506,0.4515785343643493,0.4515785343643493,False
dump90,16,0.5370112846364817,0.46298871536351816,0.46298871536351816,False
dump90,17,0.5081148285432661,0.49188517145673405,0.49188517145673405,False
dump90,18,0.5011154080026397,0.49888459199736035,0.49888459199736035,False
dump90,19,0.5231996664337157,0.4768003335662842,0.5231996664337157,True
dump90,20,0.5297080924509837,0.47029190754901623,0.5297080924509837,True
dump90,21,0.5441214529707523,0.4558785470292476,0.5441214529707523,True
dump90,22,0.5575880105679288,0.4424119894320713,0.5575880105679288,True
dump90,23,0.5717915360825265,0.4282084639174734,0.5717915360825265,True
dump90,24,0.5858709184977104,0.4141290815022894,0.5858709184977104,True
dump90,25,0.5857297513634274,0.4142702486365726,0.5857297513634274,True
dump90,26,0.5895202152709484,0.4104797847290515,0.5895202152709484,True
dump90,27,0.6037941178452467,0.3962058821547532,0.6037941178452467,True
dump90,28,0.6097728310868962,0.39022716891310394,0.6097728310868962,True
dump90,29,0.6221654342097074,0.3778345657902926,0.6221654342097074,True
dump90,30,0.6307761058577512,0.36922389414224877,0.6307761058577512,True
rally,1,0.5426034168883984,0.4573965831116014,0.5426034168883984,True
rally,2,0.5437126578055602,0.45628734219443984,0.5437126578055602,True
rally,3,0.5436073843764482,0.4563926156235519,0.5436073843764482,True
rally,4,0.5373830805933912,0.4626169194066088,0.5373830805933912,True
rally,5,0.5285657565805965,0.47143424341940354,0.5285657565805965,True
rally,6,0.5282534990715414,0.47174650092845843,0.5282534990715414,True
rally,7,0.5288244851729291,0.4711755148270709,0.5288244851729291,True
rally,8,0.5303138059539736,0.4696861940460265,0.5303138059539736,True
rally,9,0.5317563600454857,0.4682436399545143,0.5317563600454857,True
rally,10,0.5345172763504012,0.4654827236495988,0.5345172763504012,True
rally,11,0.5334536627237398,0.4665463372762602,0.5334536627237398,True
rally,12,0.5310834729492723,0.46891652705072767,0.5310834729492723,True
rally,13,0.5266538845283909,0.47334611547160915,0.5266538845283909,True
rally,14,0.5293697613476962,0.47063023865230375,0.5293697613476962,True
rally,15,0.5301335195788345,0.4698664804211654,0.5301335195788345,True
rally,16,0.5314587960045035,0.46854120399549654,0.5314587960045035,True
rally,17,0.5350220701807638,0.4649779298192362,0.5350220701807638,True
rally,18,0.5328438054506558,0.4671561945493443,0.5328438054506558,True
rally,19,0.5329552810959796,0.46704471890402044,0.5329552810959796,True
rally,20,0.5287294937866094,0.4712705062133906,0.5287294937866094,True
rally,21,0.5275450941817275,0.47245490581827243,0.5275450941817275,True
rally,22,0.5202013336068905,0.47979866639310953,0.5202013336068905,True
rally,23,0.5168088948054191,0.48319110519458086,0.5168088948054191,True
rally,24,0.5162046375237852,0.4837953624762149,0.5162046375237852,True
rally,25,0.5101075724131641,0.48989242758683593,0.5101075724131641,True
rally,26,0.5027611909044613,0.49723880909553864,0.5027611909044613,True
rally,27,0.5042413132206581,0.4957586867793418,0.4957586867793418,False
rally,28,0.5084833853306144,0.49151661466938557,0.49151661466938557,False
rally,29,0.5124633199604645,0.48753668003953554,0.48753668003953554,False
rally,30,0.5132391485012003,0.4867608514987997,0.4867608514987997,False
whale,1,0.6124825678103457,0.3875174321896543,0.6124825678103457,True
whale,2,0.6080684830490525,0.3919315169509476,0.6080684830490525,True
whale,3,0.6098433842356568,0.39015661576434313,0.6098433842356568,True
whale,4,0.6139582854309946,0.3860417145690054,0.6139582854309946,True
whale,5,0.6124699337652335,0.3875300662347664,0.6124699337652335,True
whale,6,0.6127827935552952,0.3872172064447048,0.6127827935552952,True
whale,7,0.6126771585235806,0.38732284147641943,0.6126771585235806,True
whale,8,0.6099868307472942,0.3900131692527058,0.6099868307472942,True
whale,9,0.6098412034267952,0.39015879657320485,0.6098412034267952,True
whale,10,0.6075694842590238,0.3924305157409762,0.6075694842590238,True
whale,11,0.6059454367437808,0.39405456325621924,0.6059454367437808,True
whale,12,0.606101163820434,0.393898836179566,0.606101163820434,True
whale,13,0.609311081442376,0.39068891855762394,0.609311081442376,True
whale,14,0.6075338119630552,0.3924661880369447,0.6075338119630552,True
whale,15,0.6042631600720597,0.39573683992794034,0.39573683992794034,False
whale,16,0.6028007086589989,0.397199291341001,0.6028007086589989,True
whale,17,0.6009854709563058,0.39901452904369417,0.6009854709563058,True
whale,18,0.6074405270573199,0.3925594729426801,0.6074405270573199,True
whale,19,0.6104596659464527,0.3895403340535473,0.6104596659464527,True
whale,20,0.6094785562771553,0.39052144372284464,0.6094785562771553,True
whale,21,0.6094850849745723,0.3905149150254276,0.6094850849745723,True
whale,22,0.6111655975472406,0.3888344024527594,0.6111655975472406,True
whale,23,0.6132367075771689,0.38676329242283114,0.6132367075771689,True
whale,24,0.6133181340465379,0.38668186595346205,0.6133181340465379,True
whale,25,0.6135899322712269,0.3864100677287731,0.6135899322712269,True
whale,26,0.6106024748364615,0.3893975251635385,0.6106024748364615,True
whale,27,0.6092568290920418,0.3907431709079583,0.6092568290920418,True
whale,28,0.608625479036587,0.3913745209634131,0.608625479036587,True
whale,29,0.6076751862505293,0.39232481374947076,0.6076751862505293,True
whale,30,0.6056787019857883,0.3943212980142118,0.6056787019857883,True
